match_file,id,type,mintime,maxtime,ra,dec,equivdur
ztf_000436_zr_c16_q1_match_programid2.pytable,1674,sources,58348.2365625,58348.2383912,282.4301635,1.0433562,191.8111174324879
