,match_file,id,type,mintime,maxtime,ra,dec,equivdur,plot_name,labels
0,ztf_000436_zr_c15_q1_match_programid2.pytable,7225,sources,58347.2238194,58347.2256597,284.1154409,0.6450845000000001,-27.77200866593492,found_flares_436/ztf_000436_zr_c15_q1_match_programid2_id_7225_type_sources.png,2
1,ztf_000436_zr_c15_q1_match_programid2.pytable,18599,sources,58347.2329977,58347.234838,284.0066463,0.36901,12.511896925838046,found_flares_436/ztf_000436_zr_c15_q1_match_programid2_id_18599_type_sources.png,4
2,ztf_000436_zr_c15_q1_match_programid2.pytable,22354,sources,58347.278935199996,58347.2807755,284.22533339999995,0.2857363,-310.11315471121287,found_flares_436/ztf_000436_zr_c15_q1_match_programid2_id_22354_type_sources.png,1
3,ztf_000436_zr_c15_q1_match_programid2.pytable,59094,sources,58347.3142824,58347.3175,284.07811760000004,0.3328346,149.66619473243063,found_flares_436/ztf_000436_zr_c15_q1_match_programid2_id_59094_type_sources.png,3
4,ztf_000436_zr_c15_q1_match_programid2.pytable,70168,sources,58347.2830671,58347.2862847,283.8351811,0.6986585999999999,-331.5223890254848,found_flares_436/ztf_000436_zr_c15_q1_match_programid2_id_70168_type_sources.png,4
5,ztf_000436_zr_c15_q1_match_programid2.pytable,16176,transients,58347.21280090001,58347.2178588,284.32309530000003,0.3829028,140.39633428570082,found_flares_436/ztf_000436_zr_c15_q1_match_programid2_id_16176_type_transients.png,4
6,ztf_000436_zr_c15_q1_match_programid2.pytable,35262,transients,58348.3105556,58348.313773099995,284.027105,0.2209797,743.9874258697575,found_flares_436/ztf_000436_zr_c15_q1_match_programid2_id_35262_type_transients.png,4
7,ztf_000436_zr_c15_q1_match_programid2.pytable,35316,transients,58348.3192824,58348.32342590001,284.02634,0.2199405,563.7241836348228,found_flares_436/ztf_000436_zr_c15_q1_match_programid2_id_35316_type_transients.png,4
